candidate_id,rank,current_title,current_company,years_of_experience,location,raw_score,evidence_score,title_score,experience_score,product_score,behavior_score,logistics_score,stability_score,penalty_score,anomaly_score,evidence_labels,concerns
CAND_0046525,1,Senior Machine Learning Engineer,Genpact AI,6.1,"Pune, Maharashtra",196.1834474897315,123.0,16.0,12.0,16.0,17.68344748973149,7.5,4.0,0.0,0.0,senior production ranking ownership | ranking | retrieval | evaluation | vector_infra | embeddings | production | retrieval operations | HR-tech relevance | semantic:understands_role_needs | semantic:semantic_matching | semantic:ranking_quality | semantic:retrieval_systems | semantic:production_reliability | semantic:evaluation_experimentation,
CAND_0071974,2,Senior AI Engineer,Netflix,7.8,"Vizag, Andhra Pradesh",195.62757948302882,131.0,16.0,12.0,16.0,15.12757948302883,1.5,4.0,0.0,0.0,senior production ranking ownership | ranking | retrieval | recommendation | evaluation | vector_infra | embeddings | production | fine_tuning | HR-tech relevance | semantic:understands_role_needs | semantic:semantic_matching | semantic:ranking_quality | semantic:retrieval_systems | semantic:production_reliability | semantic:evaluation_experimentation | semantic:recommendation_personalization,
CAND_0080766,3,Staff Machine Learning Engineer,Salesforce,8.8,"Coimbatore, Tamil Nadu",194.4661022550876,132.4,16.0,12.0,16.0,9.566102255087603,4.5,4.0,0.0,0.0,plain-language end-to-end relevance systems | ranking | retrieval | evaluation | embeddings | production | fine_tuning | retrieval operations | semantic:semantic_matching | semantic:ranking_quality | semantic:retrieval_systems | semantic:production_reliability | semantic:evaluation_experimentation | semantic:recommendation_personalization,not marked open to work
CAND_0081846,4,Lead AI Engineer,Razorpay,6.7,"Jaipur, Rajasthan",193.4,125.4,16.0,12.0,16.0,15.5,4.5,4.0,0.0,0.0,senior production ranking ownership | ranking | retrieval | evaluation | vector_infra | embeddings | production | fine_tuning | retrieval operations | HR-tech relevance | semantic:understands_role_needs | semantic:semantic_matching | semantic:ranking_quality | semantic:retrieval_systems | semantic:production_reliability | semantic:evaluation_experimentation,
CAND_0005538,5,Senior AI Engineer,Adobe,5.9,"Kolkata, West Bengal",193.14559455219506,135.4,16.0,12.0,16.0,16.245594552195044,0.5,-3.0,0.0,0.0,plain-language end-to-end relevance systems | ranking | recommendation | evaluation | embeddings | production | fine_tuning | retrieval operations | semantic:semantic_matching | semantic:ranking_quality | semantic:production_reliability | semantic:evaluation_experimentation | semantic:recommendation_personalization,a 90-day notice period
CAND_0018499,6,Senior Machine Learning Engineer,Zomato,7.2,"Noida, Uttar Pradesh",192.86660667202813,120.4,16.0,12.0,16.0,15.466606672028108,9.0,4.0,0.0,0.0,senior production ranking ownership | ranking | retrieval | evaluation | vector_infra | embeddings | production | fine_tuning | HR-tech relevance | semantic:understands_role_needs | semantic:semantic_matching | semantic:ranking_quality | semantic:retrieval_systems | semantic:production_reliability | semantic:evaluation_experimentation,
CAND_0086022,7,Senior Applied Scientist,Sarvam AI,5.3,"Kolkata, West Bengal",190.8478253566155,123.4,16.0,12.0,16.0,13.447825356615471,6.0,4.0,0.0,0.0,senior production ranking ownership | ranking | retrieval | evaluation | vector_infra | embeddings | production | retrieval operations | HR-tech relevance | semantic:understands_role_needs | semantic:semantic_matching | semantic:ranking_quality | semantic:retrieval_systems | semantic:production_reliability | semantic:evaluation_experimentation,
CAND_0008425,8,Senior NLP Engineer,Ola,7.8,"Kolkata, West Bengal",188.865,125.4,16.0,12.0,16.0,14.965000000000002,0.5,4.0,0.0,0.0,senior production ranking ownership | ranking | retrieval | evaluation | vector_infra | embeddings | production | fine_tuning | retrieval operations | HR-tech relevance | semantic:understands_role_needs | semantic:semantic_matching | semantic:ranking_quality | semantic:retrieval_systems | semantic:production_reliability | semantic:evaluation_experimentation | semantic:recommendation_personalization,a 90-day notice period
CAND_0088025,9,Staff Machine Learning Engineer,Yellow.ai,8.6,"Jaipur, Rajasthan",187.86619947011033,125.0,16.0,12.0,16.0,15.866199470110327,-1.0,4.0,0.0,0.0,senior production ranking ownership | ranking | retrieval | evaluation | vector_infra | embeddings | production | fine_tuning | retrieval operations | HR-tech relevance | semantic:semantic_matching | semantic:ranking_quality | semantic:retrieval_systems | semantic:production_reliability | semantic:evaluation_experimentation | semantic:recommendation_personalization,a 90-day notice period
CAND_0055905,10,Senior Machine Learning Engineer,Flipkart,8.1,London,187.06786199814096,125.0,16.0,12.0,16.0,16.567861998140962,-2.5,4.0,0.0,0.0,senior production ranking ownership | ranking | retrieval | evaluation | vector_infra | embeddings | production | fine_tuning | retrieval operations | HR-tech relevance | semantic:understands_role_needs | semantic:semantic_matching | semantic:ranking_quality | semantic:retrieval_systems | semantic:production_reliability | semantic:evaluation_experimentation,outside India without relocation preference
CAND_0011687,11,Senior NLP Engineer,Niramai,7.8,"Indore, Madhya Pradesh",187.03776892175426,120.0,16.0,12.0,16.0,16.037768921754267,3.0,4.0,0.0,0.0,senior production ranking ownership | ranking | retrieval | evaluation | vector_infra | embeddings | production | fine_tuning | HR-tech relevance | semantic:understands_role_needs | semantic:ranking_quality | semantic:retrieval_systems | semantic:production_reliability | semantic:evaluation_experimentation | semantic:recommendation_personalization,
CAND_0077337,12,Staff Machine Learning Engineer,Paytm,7.0,"Kochi, Kerala",186.70992044739992,123.4,16.0,12.0,16.0,16.309920447399907,3.0,0.0,0.0,0.0,senior production ranking ownership | ranking | retrieval | recommendation | evaluation | embeddings | production | fine_tuning | retrieval operations | HR-tech relevance | semantic:semantic_matching | semantic:ranking_quality | semantic:retrieval_systems | semantic:production_reliability | semantic:evaluation_experimentation | semantic:recommendation_personalization,
CAND_0046064,13,Senior NLP Engineer,Salesforce,8.9,"Coimbatore, Tamil Nadu",185.37238160234406,120.0,16.0,12.0,16.0,14.372381602344076,3.0,4.0,0.0,0.0,senior production ranking ownership | ranking | retrieval | evaluation | vector_infra | embeddings | production | fine_tuning | HR-tech relevance | semantic:understands_role_needs | semantic:semantic_matching | semantic:ranking_quality | semantic:retrieval_systems | semantic:production_reliability | semantic:evaluation_experimentation | semantic:recommendation_personalization,
CAND_0005260,14,Senior NLP Engineer,Netflix,5.2,"Chennai, Tamil Nadu",182.36078665822734,120.0,16.0,12.0,16.0,9.860786658227333,4.5,4.0,0.0,0.0,senior production ranking ownership | ranking | retrieval | evaluation | vector_infra | embeddings | production | fine_tuning | HR-tech relevance | semantic:understands_role_needs | semantic:semantic_matching | semantic:ranking_quality | semantic:retrieval_systems | semantic:production_reliability | semantic:evaluation_experimentation,not marked open to work
CAND_0002025,15,Senior AI Engineer,Apple,5.9,"Trivandrum, Kerala",179.0527471079646,110.4,16.0,12.0,16.0,17.652747107964576,3.0,4.0,0.0,0.0,senior production ranking ownership | ranking | recommendation | evaluation | embeddings | production | fine_tuning | HR-tech relevance | semantic:understands_role_needs | semantic:semantic_matching | semantic:ranking_quality | semantic:production_reliability | semantic:evaluation_experimentation | semantic:recommendation_personalization,
CAND_0092278,16,Senior NLP Engineer,Microsoft,6.8,"Pune, Maharashtra",175.6599069236133,131.0,16.0,12.0,16.0,-6.840093076386694,3.5,4.0,0.0,0.0,senior production ranking ownership | ranking | retrieval | recommendation | evaluation | vector_infra | embeddings | production | fine_tuning | HR-tech relevance | semantic:understands_role_needs | semantic:semantic_matching | semantic:ranking_quality | semantic:retrieval_systems | semantic:production_reliability | semantic:evaluation_experimentation | semantic:recommendation_personalization,low recent platform activity | not marked open to work | low recruiter response rate | a 90-day notice period
CAND_0033861,17,Senior NLP Engineer,Mad Street Den,8.0,"Vizag, Andhra Pradesh",173.2330522895504,123.4,16.0,12.0,16.0,-1.166947710449617,3.0,4.0,0.0,0.0,senior production ranking ownership | ranking | retrieval | recommendation | evaluation | embeddings | production | fine_tuning | retrieval operations | HR-tech relevance | semantic:understands_role_needs | semantic:semantic_matching | semantic:ranking_quality | semantic:retrieval_systems | semantic:production_reliability | semantic:evaluation_experimentation | semantic:recommendation_personalization,not marked open to work | low recruiter response rate
CAND_0094759,18,Lead AI Engineer,Meta,8.6,"Mumbai, Maharashtra",171.10587973461404,123.0,16.0,12.0,16.0,-5.894120265385973,6.0,4.0,0.0,0.0,senior production ranking ownership | ranking | retrieval | evaluation | vector_infra | embeddings | production | retrieval operations | HR-tech relevance | semantic:understands_role_needs | semantic:semantic_matching | semantic:ranking_quality | semantic:retrieval_systems | semantic:production_reliability | semantic:evaluation_experimentation,low recent platform activity | not marked open to work | low recruiter response rate
CAND_0061257,19,Staff Machine Learning Engineer,LinkedIn,8.0,"Noida, Uttar Pradesh",170.69333333333333,99.4,16.0,12.0,16.0,15.793333333333333,7.5,4.0,0.0,0.0,plain-language end-to-end relevance systems | ranking | evaluation | production | semantic:ranking_quality | semantic:production_reliability,
CAND_0006567,20,Senior AI Engineer,Meta,7.9,"Noida, Uttar Pradesh",169.46166666666667,99.4,16.0,12.0,16.0,14.561666666666666,7.5,4.0,0.0,0.0,plain-language end-to-end relevance systems | ranking | evaluation | production | semantic:ranking_quality | semantic:production_reliability | semantic:evaluation_experimentation | semantic:recommendation_personalization,
CAND_0041611,21,Staff Machine Learning Engineer,Locobuzz,6.4,Austin,168.56,125.0,16.0,12.0,16.0,-7.44,3.0,4.0,0.0,0.0,senior production ranking ownership | ranking | retrieval | evaluation | vector_infra | embeddings | production | fine_tuning | retrieval operations | HR-tech relevance | semantic:understands_role_needs | semantic:semantic_matching | semantic:ranking_quality | semantic:retrieval_systems | semantic:production_reliability | semantic:evaluation_experimentation,low recent platform activity | not marked open to work | low recruiter response rate
CAND_0030468,22,Senior Applied Scientist,Swiggy,5.4,"Indore, Madhya Pradesh",167.85185254561475,104.80000000000001,16.0,12.0,16.0,16.05185254561475,3.0,0.0,0.0,0.0,plain-language end-to-end relevance systems | ranking | evaluation | production | retrieval operations | semantic:ranking_quality | semantic:production_reliability | semantic:evaluation_experimentation | semantic:recommendation_personalization,
CAND_0061265,23,Recommendation Systems Engineer,Zoho,6.6,"Delhi, Delhi",166.85110457910076,103.4,18.0,12.0,16.0,14.451104579100766,-1.0,4.0,0.0,0.0,ranking | retrieval | recommendation | evaluation | vector_infra | embeddings | production | semantic:semantic_matching | semantic:ranking_quality | semantic:retrieval_systems | semantic:production_reliability | semantic:recommendation_personalization,a 120-day notice period
CAND_0037980,24,Senior Applied Scientist,Niramai,9.0,"Kolkata, West Bengal",166.21833333333336,100.20000000000002,16.0,12.0,16.0,12.018333333333333,6.0,4.0,0.0,0.0,plain-language end-to-end relevance systems | ranking | evaluation | production | semantic:ranking_quality | semantic:production_reliability | semantic:evaluation_experimentation | semantic:recommendation_personalization,
CAND_0007411,25,Senior Machine Learning Engineer,Amazon,8.0,"Kochi, Kerala",166.08981384722662,120.0,16.0,12.0,16.0,-6.410186152773388,4.5,4.0,0.0,0.0,senior production ranking ownership | ranking | retrieval | evaluation | vector_infra | embeddings | production | fine_tuning | HR-tech relevance | semantic:understands_role_needs | semantic:ranking_quality | semantic:retrieval_systems | semantic:production_reliability | semantic:evaluation_experimentation | semantic:recommendation_personalization,low recent platform activity | not marked open to work | low recruiter response rate
CAND_0005649,26,Senior Data Scientist,Sarvam AI,7.4,"Delhi, Delhi",164.95791843300216,106.0,16.0,12.0,16.0,12.957918433002165,2.0,0.0,0.0,0.0,ranking | retrieval | recommendation | evaluation | vector_infra | embeddings | production | fine_tuning | semantic:semantic_matching | semantic:ranking_quality | semantic:retrieval_systems | semantic:production_reliability | semantic:evaluation_experimentation | semantic:recommendation_personalization,a 90-day notice period
CAND_0079387,27,AI Engineer,Microsoft,6.9,"Trivandrum, Kerala",164.20774710796456,106.0,12.0,12.0,16.0,15.207747107964575,3.0,0.0,0.0,0.0,ranking | retrieval | recommendation | evaluation | vector_infra | embeddings | production | fine_tuning | semantic:semantic_matching | semantic:ranking_quality | semantic:retrieval_systems | semantic:production_reliability | semantic:evaluation_experimentation | semantic:recommendation_personalization,
CAND_0053695,28,Recommendation Systems Engineer,Meesho,5.8,"Bhubaneswar, Odisha",164.19600736407804,103.0,18.0,12.0,16.0,12.19600736407804,3.0,0.0,0.0,0.0,ranking | retrieval | recommendation | evaluation | vector_infra | embeddings | production | semantic:semantic_matching | semantic:ranking_quality | semantic:retrieval_systems | semantic:evaluation_experimentation | semantic:recommendation_personalization,
CAND_0041669,29,Recommendation Systems Engineer,CRED,8.0,"Noida, Uttar Pradesh",163.91045974652985,92.0,18.0,12.0,16.0,15.91045974652986,6.0,4.0,0.0,0.0,ranking | recommendation | evaluation | vector_infra | embeddings | production | fine_tuning | semantic:semantic_matching | semantic:ranking_quality | semantic:retrieval_systems | semantic:production_reliability | semantic:evaluation_experimentation | semantic:recommendation_personalization,
CAND_0028793,30,Search Engineer,Google,7.2,"Trivandrum, Kerala",163.49209481695914,99.0,18.0,12.0,16.0,15.49209481695913,-1.0,4.0,0.0,0.0,ranking | retrieval | evaluation | vector_infra | embeddings | production | fine_tuning | semantic:semantic_matching | semantic:ranking_quality | semantic:retrieval_systems | semantic:evaluation_experimentation | semantic:recommendation_personalization,a 120-day notice period
CAND_0068351,31,Lead AI Engineer,Sarvam AI,6.4,"Delhi, Delhi",163.45833333333334,99.80000000000001,16.0,12.0,16.0,11.158333333333335,4.5,4.0,0.0,0.0,plain-language end-to-end relevance systems | ranking | evaluation | production | semantic:ranking_quality | semantic:production_reliability,not marked open to work
CAND_0086151,32,Recommendation Systems Engineer,Wysa,7.7,"Vizag, Andhra Pradesh",163.40666666666667,103.4,18.0,12.0,16.0,11.006666666666666,-1.0,4.0,0.0,0.0,ranking | retrieval | recommendation | evaluation | vector_infra | embeddings | production | semantic:semantic_matching | semantic:ranking_quality | semantic:retrieval_systems | semantic:production_reliability | semantic:evaluation_experimentation | semantic:recommendation_personalization,a 120-day notice period
CAND_0075249,33,Applied ML Engineer,Zomato,6.2,"Ahmedabad, Gujarat",162.39629254649702,103.4,12.0,12.0,13.0,14.996292546497022,3.0,4.0,0.0,0.0,ranking | retrieval | recommendation | evaluation | vector_infra | embeddings | production | semantic:semantic_matching | semantic:ranking_quality | semantic:retrieval_systems | semantic:production_reliability | semantic:evaluation_experimentation | semantic:recommendation_personalization,
CAND_0030953,34,Search Engineer,Nykaa,7.8,"Chennai, Tamil Nadu",160.79840713418835,106.0,18.0,12.0,16.0,8.798407134188363,3.0,-3.0,0.0,0.0,ranking | retrieval | recommendation | evaluation | vector_infra | embeddings | production | fine_tuning | semantic:semantic_matching | semantic:ranking_quality | semantic:retrieval_systems | semantic:production_reliability | semantic:evaluation_experimentation | semantic:recommendation_personalization,not marked open to work
CAND_0057563,35,NLP Engineer,Locobuzz,6.8,"Indore, Madhya Pradesh",160.51484692897475,103.4,12.0,12.0,16.0,10.114846928974746,3.0,4.0,0.0,0.0,ranking | retrieval | recommendation | evaluation | vector_infra | embeddings | production | semantic:semantic_matching | semantic:ranking_quality | semantic:retrieval_systems | semantic:production_reliability | semantic:evaluation_experimentation | semantic:recommendation_personalization,not marked open to work
CAND_0017960,36,Recommendation Systems Engineer,Nykaa,7.7,"Bangalore, Karnataka",160.29542815029245,92.0,18.0,12.0,16.0,13.795428150292462,4.5,4.0,0.0,0.0,ranking | recommendation | evaluation | vector_infra | embeddings | production | fine_tuning | semantic:semantic_matching | semantic:ranking_quality | semantic:retrieval_systems | semantic:evaluation_experimentation | semantic:recommendation_personalization,
CAND_0026532,37,Recommendation Systems Engineer,Zomato,4.8,"Chennai, Tamil Nadu",160.18393339118012,103.4,18.0,9.0,13.0,10.783933391180113,2.0,4.0,0.0,0.0,ranking | retrieval | recommendation | evaluation | vector_infra | embeddings | production | semantic:semantic_matching | semantic:ranking_quality | semantic:retrieval_systems | semantic:production_reliability | semantic:evaluation_experimentation | semantic:recommendation_personalization,a 90-day notice period
CAND_0060054,38,AI Engineer,Mad Street Den,6.4,"Jaipur, Rajasthan",159.17110639372365,103.0,12.0,12.0,16.0,7.671106393723634,4.5,4.0,0.0,0.0,ranking | retrieval | recommendation | evaluation | vector_infra | embeddings | production | semantic:semantic_matching | semantic:ranking_quality | semantic:retrieval_systems | semantic:production_reliability | semantic:evaluation_experimentation | semantic:recommendation_personalization,not marked open to work
CAND_0030348,39,Machine Learning Engineer,BYJU'S,4.5,"Noida, Uttar Pradesh",158.74055282291656,103.0,12.0,9.0,13.0,11.740552822916552,6.0,4.0,0.0,0.0,ranking | retrieval | recommendation | evaluation | vector_infra | embeddings | production | semantic:semantic_matching | semantic:ranking_quality | semantic:retrieval_systems | semantic:production_reliability | semantic:evaluation_experimentation | semantic:recommendation_personalization,
CAND_0044855,40,Senior Data Scientist,Flipkart,6.6,"Coimbatore, Tamil Nadu",157.94209481695913,106.0,16.0,12.0,6.0,10.942094816959129,3.0,4.0,0.0,0.0,ranking | retrieval | recommendation | evaluation | vector_infra | embeddings | production | fine_tuning | semantic:semantic_matching | semantic:ranking_quality | semantic:retrieval_systems | semantic:production_reliability | semantic:evaluation_experimentation | semantic:recommendation_personalization,not marked open to work
CAND_0066376,41,Applied ML Engineer,Dream11,5.7,"Mumbai, Maharashtra",157.80166666666668,103.4,12.0,12.0,13.0,12.901666666666667,0.5,4.0,0.0,0.0,ranking | retrieval | recommendation | evaluation | vector_infra | embeddings | production | semantic:semantic_matching | semantic:ranking_quality | semantic:retrieval_systems | semantic:production_reliability | semantic:evaluation_experimentation | semantic:recommendation_personalization,a 90-day notice period
CAND_0044222,42,AI Engineer,PolicyBazaar,7.7,"Vizag, Andhra Pradesh",157.335,96.4,12.0,12.0,16.0,15.434999999999999,1.5,4.0,0.0,0.0,ranking | retrieval | evaluation | vector_infra | embeddings | production | semantic:semantic_matching | semantic:ranking_quality | semantic:retrieval_systems | semantic:evaluation_experimentation | semantic:recommendation_personalization,
CAND_0031593,43,Search Engineer,Genpact AI,7.8,"Kolkata, West Bengal",155.8235192122814,92.0,18.0,12.0,16.0,11.823519212281417,2.0,4.0,0.0,0.0,ranking | recommendation | evaluation | vector_infra | embeddings | production | fine_tuning | semantic:semantic_matching | semantic:ranking_quality | semantic:retrieval_systems | semantic:production_reliability | semantic:evaluation_experimentation | semantic:recommendation_personalization,a 90-day notice period
CAND_0040117,44,Recommendation Systems Engineer,PhonePe,6.5,"Vizag, Andhra Pradesh",155.37698124832656,92.0,18.0,12.0,13.0,13.376981248326572,3.0,4.0,0.0,0.0,ranking | recommendation | evaluation | vector_infra | embeddings | production | fine_tuning | semantic:semantic_matching | semantic:ranking_quality | semantic:retrieval_systems | semantic:production_reliability | semantic:evaluation_experimentation | semantic:recommendation_personalization,
CAND_0081686,45,Search Engineer,Netflix,6.0,Austin,155.27560050545395,103.4,18.0,12.0,16.0,9.875600505453946,-4.0,0.0,0.0,0.0,ranking | retrieval | recommendation | evaluation | vector_infra | embeddings | production | semantic:semantic_matching | semantic:ranking_quality | semantic:retrieval_systems | semantic:production_reliability | semantic:evaluation_experimentation | semantic:recommendation_personalization,not marked open to work | outside India without relocation preference
CAND_0039383,46,Applied ML Engineer,Meesho,7.1,"Gurgaon, Haryana",154.9526740307447,96.4,12.0,12.0,16.0,12.552674030744708,2.0,4.0,0.0,0.0,ranking | retrieval | evaluation | vector_infra | embeddings | production | semantic:semantic_matching | semantic:ranking_quality | semantic:retrieval_systems | semantic:evaluation_experimentation | semantic:recommendation_personalization,a 90-day notice period
CAND_0096172,47,NLP Engineer,Krutrim,5.2,"Chennai, Tamil Nadu",154.772453324894,103.4,12.0,12.0,13.0,7.372453324894,3.0,4.0,0.0,0.0,ranking | retrieval | recommendation | evaluation | vector_infra | embeddings | production | semantic:semantic_matching | semantic:ranking_quality | semantic:retrieval_systems | semantic:production_reliability | semantic:evaluation_experimentation | semantic:recommendation_personalization,not marked open to work
CAND_0041610,48,Recommendation Systems Engineer,Zoho,6.7,"Indore, Madhya Pradesh",154.70221948958323,92.0,18.0,12.0,16.0,15.20221948958322,4.5,-3.0,0.0,0.0,ranking | recommendation | evaluation | vector_infra | embeddings | production | fine_tuning | semantic:semantic_matching | semantic:ranking_quality | semantic:retrieval_systems | semantic:production_reliability | semantic:recommendation_personalization,
CAND_0043228,49,Applied ML Engineer,Zoho,6.8,"Chennai, Tamil Nadu",154.67666666666668,96.0,12.0,12.0,16.0,10.176666666666666,4.5,4.0,0.0,0.0,ranking | retrieval | evaluation | vector_infra | embeddings | production | semantic:semantic_matching | semantic:ranking_quality | semantic:retrieval_systems | semantic:production_reliability,not marked open to work
CAND_0027691,50,NLP Engineer,Haptik,6.5,"Pune, Maharashtra",154.50404826901075,96.4,12.0,12.0,9.0,13.604048269010741,7.5,4.0,0.0,0.0,ranking | retrieval | evaluation | vector_infra | embeddings | production | semantic:semantic_matching | semantic:ranking_quality | semantic:retrieval_systems | semantic:production_reliability,
CAND_0068811,51,Applied ML Engineer,Freshworks,8.0,"Pune, Maharashtra",154.0430522895504,92.0,12.0,12.0,16.0,13.043052289550383,9.0,0.0,0.0,0.0,ranking | recommendation | evaluation | vector_infra | embeddings | production | fine_tuning | semantic:semantic_matching | semantic:ranking_quality | semantic:retrieval_systems | semantic:production_reliability | semantic:evaluation_experimentation | semantic:recommendation_personalization,
CAND_0054123,52,Applied ML Engineer,Meta,4.7,"Gurgaon, Haryana",152.807453324894,103.4,12.0,9.0,13.0,8.407453324894002,3.0,4.0,0.0,0.0,ranking | retrieval | recommendation | evaluation | vector_infra | embeddings | production | semantic:semantic_matching | semantic:ranking_quality | semantic:retrieval_systems | semantic:production_reliability | semantic:evaluation_experimentation | semantic:recommendation_personalization,not marked open to work
CAND_0070398,53,Machine Learning Engineer,Genpact AI,7.2,"Kochi, Kerala",151.32952866480764,96.4,12.0,12.0,16.0,11.929528664807629,-1.0,4.0,0.0,0.0,ranking | retrieval | evaluation | vector_infra | embeddings | production | semantic:semantic_matching | semantic:ranking_quality | semantic:retrieval_systems | semantic:evaluation_experimentation | semantic:recommendation_personalization,a 120-day notice period
CAND_0077285,54,Recommendation Systems Engineer,Nykaa,5.5,"Ahmedabad, Gujarat",151.08166666666668,87.4,18.0,12.0,16.0,14.681666666666668,3.0,0.0,0.0,0.0,ranking | recommendation | evaluation | vector_infra | embeddings | production | fine_tuning | semantic:semantic_matching | semantic:ranking_quality | semantic:retrieval_systems | semantic:production_reliability | semantic:evaluation_experimentation | semantic:recommendation_personalization,
CAND_0010685,55,NLP Engineer,Rephrase.ai,6.7,"Kolkata, West Bengal",150.49007380085501,96.0,12.0,12.0,16.0,12.990073800855027,4.5,-3.0,0.0,0.0,ranking | retrieval | evaluation | vector_infra | embeddings | production | semantic:semantic_matching | semantic:ranking_quality | semantic:retrieval_systems | semantic:production_reliability | semantic:evaluation_experimentation | semantic:recommendation_personalization,
CAND_0054394,56,Recommendation Systems Engineer,PharmEasy,4.1,"Pune, Maharashtra",150.3567404675217,81.9,18.0,9.0,16.0,13.956740467521696,7.5,4.0,0.0,0.0,ranking | retrieval | recommendation | vector_infra | embeddings | semantic:semantic_matching | semantic:ranking_quality | semantic:retrieval_systems | semantic:recommendation_personalization,
CAND_0018549,57,Recommendation Systems Engineer,Uber,6.8,"Coimbatore, Tamil Nadu",149.0112943611199,82.8,18.0,12.0,16.0,13.211294361119892,3.0,4.0,0.0,0.0,ranking | recommendation | evaluation | embeddings | production | semantic:semantic_matching | semantic:ranking_quality | semantic:production_reliability | semantic:evaluation_experimentation | semantic:recommendation_personalization,
CAND_0042506,58,Search Engineer,Verloop.io,4.2,"Mumbai, Maharashtra",148.51601150271406,92.0,18.0,9.0,6.0,15.016011502714072,4.5,4.0,0.0,0.0,ranking | recommendation | evaluation | vector_infra | embeddings | production | fine_tuning | semantic:semantic_matching | semantic:ranking_quality | semantic:retrieval_systems | semantic:production_reliability | semantic:evaluation_experimentation | semantic:recommendation_personalization,
CAND_0013613,59,Machine Learning Engineer,Adobe,4.7,Singapore,148.42728852595738,103.4,12.0,9.0,16.0,12.02728852595738,-4.0,0.0,0.0,0.0,ranking | retrieval | recommendation | evaluation | vector_infra | embeddings | production | semantic:semantic_matching | semantic:ranking_quality | semantic:retrieval_systems | semantic:production_reliability | semantic:evaluation_experimentation | semantic:recommendation_personalization,outside India without relocation preference
CAND_0094056,60,NLP Engineer,Rephrase.ai,5.9,"Chennai, Tamil Nadu",148.35638562288372,95.4,12.0,12.0,16.0,8.456385622883715,0.5,4.0,0.0,0.0,retrieval | recommendation | evaluation | vector_infra | embeddings | production | semantic:semantic_matching | semantic:ranking_quality | semantic:retrieval_systems | semantic:production_reliability | semantic:recommendation_personalization,not marked open to work | a 120-day notice period
CAND_0060072,61,Staff Machine Learning Engineer,Amazon,5.7,"Indore, Madhya Pradesh",147.56814718055995,105.4,16.0,12.0,16.0,-6.331852819440055,0.5,4.0,0.0,0.0,senior production ranking ownership | ranking | recommendation | evaluation | embeddings | production | fine_tuning | semantic:semantic_matching | semantic:ranking_quality | semantic:production_reliability | semantic:evaluation_experimentation | semantic:recommendation_personalization,low recent platform activity | not marked open to work | low recruiter response rate | a 90-day notice period
CAND_0009024,62,Search Engineer,Google,5.2,"Chennai, Tamil Nadu",147.43994000536145,82.8,18.0,12.0,13.0,13.139940005361442,4.5,4.0,0.0,0.0,ranking | recommendation | evaluation | embeddings | production | semantic:semantic_matching | semantic:ranking_quality | semantic:production_reliability | semantic:evaluation_experimentation | semantic:recommendation_personalization,
CAND_0014440,63,Recommendation Systems Engineer,CRED,6.4,"Chennai, Tamil Nadu",146.98984692897474,78.8,18.0,12.0,16.0,15.189846928974747,3.0,4.0,0.0,0.0,ranking | recommendation | evaluation | production | semantic:ranking_quality | semantic:production_reliability | semantic:recommendation_personalization,
CAND_0049896,64,Search Engineer,Unacademy,7.3,"Vizag, Andhra Pradesh",146.85999791155183,92.0,18.0,12.0,6.0,14.359997911551828,0.5,4.0,0.0,0.0,ranking | recommendation | evaluation | vector_infra | embeddings | production | fine_tuning | semantic:semantic_matching | semantic:ranking_quality | semantic:retrieval_systems | semantic:production_reliability | semantic:evaluation_experimentation | semantic:recommendation_personalization,a 90-day notice period
CAND_0018722,65,Recommendation Systems Engineer,Saarthi.ai,6.6,Toronto,146.48827333869477,81.9,18.0,12.0,16.0,15.588273338694774,-1.0,4.0,0.0,0.0,ranking | retrieval | recommendation | vector_infra | embeddings | semantic:semantic_matching | semantic:ranking_quality | semantic:retrieval_systems | semantic:recommendation_personalization,a 90-day notice period
CAND_0095528,66,Senior Data Scientist,Netflix,5.3,"Indore, Madhya Pradesh",145.68404826901073,82.8,16.0,12.0,16.0,13.38404826901074,1.5,4.0,0.0,0.0,ranking | recommendation | evaluation | embeddings | production | semantic:semantic_matching | semantic:ranking_quality | semantic:production_reliability | semantic:evaluation_experimentation | semantic:recommendation_personalization,
CAND_0093193,67,Senior Machine Learning Engineer,Niramai,7.9,"Bangalore, Karnataka",144.91209481695913,77.9,16.0,12.0,16.0,16.01209481695913,3.0,4.0,0.0,0.0,plain-language end-to-end relevance systems | ranking | semantic:ranking_quality,
CAND_0024466,68,Search Engineer,PharmEasy,5.2,Toronto,144.70587973461403,82.8,18.0,12.0,16.0,14.405879734614027,-2.5,4.0,0.0,0.0,ranking | recommendation | evaluation | embeddings | production | semantic:semantic_matching | semantic:ranking_quality | semantic:production_reliability | semantic:evaluation_experimentation | semantic:recommendation_personalization,a 120-day notice period
CAND_0052682,69,NLP Engineer,Aganitha,6.6,"Vizag, Andhra Pradesh",144.59660667202812,87.4,12.0,12.0,13.0,13.196606672028109,3.0,4.0,0.0,0.0,ranking | recommendation | evaluation | vector_infra | embeddings | production | fine_tuning | semantic:semantic_matching | semantic:ranking_quality | semantic:retrieval_systems | semantic:production_reliability | semantic:evaluation_experimentation | semantic:recommendation_personalization,
CAND_0044883,70,AI Engineer,Mad Street Den,6.3,Berlin,144.39833333333334,106.0,12.0,12.0,9.0,9.398333333333333,-1.0,-3.0,0.0,0.0,ranking | retrieval | recommendation | evaluation | vector_infra | embeddings | production | fine_tuning | semantic:semantic_matching | semantic:ranking_quality | semantic:retrieval_systems | semantic:production_reliability | semantic:evaluation_experimentation | semantic:recommendation_personalization,not marked open to work | a 90-day notice period
CAND_0041568,71,Search Engineer,Haptik,5.2,Sydney,144.2137614836258,92.0,18.0,12.0,16.0,12.713761483625795,-6.5,0.0,0.0,0.0,ranking | recommendation | evaluation | vector_infra | embeddings | production | fine_tuning | semantic:semantic_matching | semantic:ranking_quality | semantic:retrieval_systems | semantic:production_reliability | semantic:evaluation_experimentation | semantic:recommendation_personalization,outside India without relocation preference | a 90-day notice period
CAND_0076251,72,Search Engineer,Haptik,7.6,"Bhubaneswar, Odisha",143.59393383878728,77.4,18.0,12.0,16.0,13.19393383878728,3.0,4.0,0.0,0.0,retrieval | evaluation | vector_infra | embeddings | production | semantic:semantic_matching | semantic:ranking_quality | semantic:retrieval_systems | semantic:production_reliability,
CAND_0010257,73,Senior Data Scientist,Google,6.5,"Noida, Uttar Pradesh",143.26175946922805,82.4,16.0,12.0,9.0,16.361759469228055,3.5,4.0,0.0,0.0,ranking | recommendation | evaluation | embeddings | production | semantic:semantic_matching | semantic:ranking_quality | semantic:production_reliability | semantic:evaluation_experimentation | semantic:recommendation_personalization,a 120-day notice period
CAND_0091909,74,Machine Learning Engineer,Rephrase.ai,6.9,"Bangalore, Karnataka",142.91666666666666,82.8,12.0,12.0,16.0,11.616666666666667,4.5,4.0,0.0,0.0,ranking | recommendation | evaluation | embeddings | production | semantic:semantic_matching | semantic:ranking_quality | semantic:production_reliability | semantic:evaluation_experimentation | semantic:recommendation_personalization,
CAND_0078002,75,Machine Learning Engineer,Meta,6.3,"Coimbatore, Tamil Nadu",142.91628840786097,82.8,12.0,12.0,16.0,14.61628840786099,1.5,4.0,0.0,0.0,ranking | recommendation | evaluation | embeddings | production | semantic:semantic_matching | semantic:ranking_quality | semantic:production_reliability | semantic:evaluation_experimentation | semantic:recommendation_personalization,
CAND_0066999,76,Recommendation Systems Engineer,Microsoft,5.9,"Delhi, Delhi",142.8489320241644,72.19999999999999,18.0,12.0,16.0,14.648932024164411,6.0,4.0,0.0,0.0,ranking | recommendation | evaluation | production | semantic:ranking_quality | semantic:production_reliability | semantic:recommendation_personalization,
CAND_0096142,77,Applied ML Engineer,upGrad,5.0,"Hyderabad, Telangana",142.4238861562499,82.8,12.0,12.0,16.0,16.62388615624989,-1.0,4.0,0.0,0.0,ranking | recommendation | evaluation | embeddings | production | semantic:semantic_matching | semantic:ranking_quality | semantic:production_reliability | semantic:evaluation_experimentation | semantic:recommendation_personalization,a 120-day notice period
CAND_0000031,78,Recommendation Systems Engineer,Swiggy,6.0,"Hyderabad, Telangana",141.88286199814098,78.4,18.0,12.0,16.0,15.982861998140963,4.5,-3.0,0.0,0.0,ranking | recommendation | evaluation | production | semantic:ranking_quality | semantic:evaluation_experimentation | semantic:recommendation_personalization,
CAND_0051292,79,Applied ML Engineer,Freshworks,5.2,"Trivandrum, Kerala",141.17129254649703,85.5,12.0,12.0,16.0,12.671292546497023,3.0,0.0,0.0,0.0,ranking | retrieval | evaluation | vector_infra | embeddings | fine_tuning | semantic:semantic_matching | semantic:ranking_quality | semantic:retrieval_systems,
CAND_0064326,80,Search Engineer,Sarvam AI,7.6,"Gurgaon, Haryana",141.08666666666667,74.0,18.0,12.0,16.0,18.086666666666666,3.0,0.0,0.0,0.0,ranking | evaluation | vector_infra | embeddings | production | fine_tuning | semantic:semantic_matching | semantic:ranking_quality | semantic:retrieval_systems | semantic:evaluation_experimentation | semantic:recommendation_personalization,
CAND_0065878,81,Senior Data Scientist,Niramai,7.8,"Trivandrum, Kerala",140.71404826901073,82.8,16.0,12.0,16.0,10.914048269010742,3.0,0.0,0.0,0.0,ranking | recommendation | evaluation | embeddings | production | semantic:semantic_matching | semantic:ranking_quality | semantic:production_reliability | semantic:evaluation_experimentation | semantic:recommendation_personalization,
CAND_0069905,82,Applied ML Engineer,Sarvam AI,6.6,"Bhubaneswar, Odisha",140.67833333333334,84.5,12.0,12.0,13.0,14.678333333333335,0.5,4.0,0.0,0.0,retrieval | recommendation | evaluation | vector_infra | embeddings | fine_tuning | semantic:semantic_matching | semantic:ranking_quality | semantic:retrieval_systems | semantic:recommendation_personalization,a 90-day notice period
CAND_0027801,83,NLP Engineer,InMobi,7.4,"Hyderabad, Telangana",140.63333333333335,90.80000000000001,12.0,12.0,9.0,13.833333333333332,-1.0,4.0,0.0,0.0,retrieval | recommendation | evaluation | vector_infra | embeddings | production | semantic:semantic_matching | semantic:ranking_quality | semantic:retrieval_systems | semantic:production_reliability | semantic:recommendation_personalization,a 120-day notice period
CAND_0061339,84,Search Engineer,Rephrase.ai,4.2,"Chandigarh, Chandigarh",140.26962587983036,82.4,18.0,9.0,16.0,14.369625879830357,0.5,0.0,0.0,0.0,ranking | recommendation | evaluation | embeddings | production | semantic:semantic_matching | semantic:ranking_quality | semantic:production_reliability | semantic:evaluation_experimentation | semantic:recommendation_personalization,a 90-day notice period
CAND_0011162,85,Recommendation Systems Engineer,upGrad,5.8,"Coimbatore, Tamil Nadu",139.88666666666666,78.8,18.0,12.0,16.0,14.586666666666666,0.5,0.0,0.0,0.0,ranking | recommendation | evaluation | production | semantic:ranking_quality | semantic:production_reliability | semantic:evaluation_experimentation | semantic:recommendation_personalization,a 90-day notice period
CAND_0012957,86,Search Engineer,Razorpay,4.9,"Chennai, Tamil Nadu",139.76666666666665,82.8,18.0,9.0,16.0,9.466666666666667,0.5,4.0,0.0,0.0,ranking | recommendation | evaluation | embeddings | production | semantic:semantic_matching | semantic:ranking_quality | semantic:production_reliability | semantic:evaluation_experimentation | semantic:recommendation_personalization,not marked open to work | a 120-day notice period
CAND_0009691,87,Applied ML Engineer,LinkedIn,6.2,"Indore, Madhya Pradesh",139.03472077083993,84.4,12.0,12.0,13.0,14.634720770839916,-1.0,4.0,0.0,0.0,ranking | recommendation | evaluation | embeddings | production | semantic:semantic_matching | semantic:ranking_quality | semantic:production_reliability | semantic:evaluation_experimentation | semantic:recommendation_personalization,a 120-day notice period
CAND_0047721,88,Senior Data Scientist,Microsoft,7.0,"Coimbatore, Tamil Nadu",138.68666666666667,82.4,16.0,12.0,16.0,7.786666666666667,0.5,4.0,0.0,0.0,ranking | recommendation | evaluation | embeddings | production | semantic:semantic_matching | semantic:ranking_quality | semantic:production_reliability | semantic:evaluation_experimentation | semantic:recommendation_personalization,not marked open to work | a 90-day notice period
CAND_0007009,89,Recommendation Systems Engineer,Wysa,7.9,"Noida, Uttar Pradesh",138.66421306794737,79.9,18.0,12.0,6.0,11.26421306794736,7.5,4.0,0.0,0.0,retrieval | recommendation | evaluation | vector_infra | embeddings | fine_tuning | semantic:semantic_matching | semantic:ranking_quality | semantic:retrieval_systems | semantic:recommendation_personalization,
CAND_0006557,90,NLP Engineer,Paytm,7.9,"Jaipur, Rajasthan",138.40949202328213,82.8,12.0,12.0,16.0,12.609492023282137,-1.0,4.0,0.0,0.0,ranking | recommendation | evaluation | embeddings | production | semantic:semantic_matching | semantic:ranking_quality | semantic:production_reliability | semantic:evaluation_experimentation | semantic:recommendation_personalization,a 120-day notice period
CAND_0079284,91,Machine Learning Engineer,Google,4.9,"Hyderabad, Telangana",138.2285192122814,82.8,12.0,9.0,16.0,9.928519212281415,4.5,4.0,0.0,0.0,ranking | recommendation | evaluation | embeddings | production | semantic:semantic_matching | semantic:ranking_quality | semantic:production_reliability | semantic:evaluation_experimentation | semantic:recommendation_personalization,not marked open to work
CAND_0093912,92,Senior Data Scientist,Razorpay,5.3,"Chandigarh, Chandigarh",137.96,74.5,16.0,12.0,16.0,16.46,3.0,0.0,0.0,0.0,ranking | retrieval | vector_infra | embeddings | semantic:semantic_matching | semantic:ranking_quality | semantic:retrieval_systems,
CAND_0070202,93,Machine Learning Engineer,BYJU'S,5.1,"Jaipur, Rajasthan",137.2053145816599,82.8,12.0,12.0,16.0,11.405314581659903,-1.0,4.0,0.0,0.0,ranking | recommendation | evaluation | embeddings | production | semantic:semantic_matching | semantic:ranking_quality | semantic:production_reliability | semantic:evaluation_experimentation | semantic:recommendation_personalization,not marked open to work | a 90-day notice period
CAND_0011432,94,Senior Data Scientist,Amazon,7.6,"Chennai, Tamil Nadu",136.93786199814096,74.0,16.0,12.0,16.0,11.937861998140962,3.0,4.0,0.0,0.0,ranking | evaluation | vector_infra | embeddings | production | fine_tuning | semantic:semantic_matching | semantic:ranking_quality | semantic:retrieval_systems | semantic:evaluation_experimentation | semantic:recommendation_personalization,
CAND_0057701,95,Recommendation Systems Engineer,Verloop.io,4.1,"Chandigarh, Chandigarh",136.74629254649702,80.4,18.0,9.0,16.0,11.846292546497024,-2.5,4.0,0.0,0.0,ranking | recommendation | evaluation | production | semantic:ranking_quality | semantic:evaluation_experimentation | semantic:recommendation_personalization,a 120-day notice period
CAND_0015528,96,Applied ML Engineer,Krutrim,7.4,"Coimbatore, Tamil Nadu",136.65981384722662,82.8,12.0,12.0,16.0,6.859813847226612,3.0,4.0,0.0,0.0,ranking | recommendation | evaluation | embeddings | production | semantic:semantic_matching | semantic:ranking_quality | semantic:production_reliability | semantic:evaluation_experimentation | semantic:recommendation_personalization,not marked open to work
CAND_0036184,97,Recommendation Systems Engineer,CRED,6.0,"Trivandrum, Kerala",136.45366026890923,69.9,18.0,12.0,13.0,16.55366026890924,3.0,4.0,0.0,0.0,retrieval | recommendation | vector_infra | embeddings | semantic:semantic_matching | semantic:ranking_quality | semantic:retrieval_systems | semantic:recommendation_personalization,
CAND_0007412,98,Applied ML Engineer,Zoho,7.4,"Noida, Uttar Pradesh",135.77511415639816,87.4,12.0,12.0,9.0,16.37511415639816,2.0,-3.0,0.0,0.0,ranking | recommendation | evaluation | vector_infra | embeddings | production | fine_tuning | semantic:semantic_matching | semantic:ranking_quality | semantic:retrieval_systems | semantic:evaluation_experimentation | semantic:recommendation_personalization,a 120-day notice period
CAND_0042029,99,Senior Data Scientist,Flipkart,6.5,"Delhi, Delhi",135.7166066720281,74.0,16.0,12.0,16.0,9.216606672028107,4.5,4.0,0.0,0.0,ranking | evaluation | vector_infra | embeddings | production | fine_tuning | semantic:semantic_matching | semantic:ranking_quality | semantic:retrieval_systems | semantic:evaluation_experimentation | semantic:recommendation_personalization,not marked open to work
CAND_0081053,100,NLP Engineer,Glance,5.4,"Chandigarh, Chandigarh",135.6584527000188,84.4,12.0,12.0,9.0,13.75845270001882,0.5,4.0,0.0,0.0,ranking | recommendation | evaluation | embeddings | production | semantic:semantic_matching | semantic:ranking_quality | semantic:production_reliability | semantic:evaluation_experimentation | semantic:recommendation_personalization,a 90-day notice period
